[
  {
    "name": "",
    "value": 2
  },
  {
    "name": "《三国演义》中，「大意失街亭」的是马谩？",
    "value": 1
  },
  {
    "name": "《三国演义》中，「挥泪斩马谩」的是孙权？",
    "value": 2
  },
  {
    "name": "《三国演义》中，「火烧博望坡」的是庞统？",
    "value": 2
  },
  {
    "name": "《三国演义》中，「火烧藤甲兵」的是徐庶？",
    "value": 2
  },
  {
    "name": "《三国演义》中，「千里走单骑」的是赵云？",
    "value": 2
  },
  {
    "name": "《三国演义》中，「温酒斩华雄」的是张飞？",
    "value": 2
  },
  {
    "name": "《三国演义》中，关羽在长坂坡「七进七出」？",
    "value": 2
  },
  {
    "name": "《三国演义》中，刘备三顾茅庐请诸葛亮出山？",
    "value": 1
  },
  {
    "name": "《三国演义》中，孙权与曹操「煮酒论英雄」？",
    "value": 2
  },
  {
    "name": "《三国演义》中，提出「隆中对」的是诸葛亮？",
    "value": 1
  },
  {
    "name": "《三国演义》中，夏侯杰在当阳桥被张飞吓死？",
    "value": 1
  },
  {
    "name": "《三国演义》中，张飞在当阳桥厉吼吓退曹军？",
    "value": 1
  },
  {
    "name": "《三国演义》中，赵云参与了「三英战吕布」？",
    "value": 2
  },
  {
    "name": "《三国演义》中，赵云参与了「桃园三结义」？",
    "value": 2
  },
  {
    "name": "《三国演义》中唯一正式上过战场的女子是祝融夫人？",
    "value": 1
  },
  {
    "name": "《三国志》中，华雄被孙坚枭首？",
    "value": 1
  },
  {
    "name": "《三国志》中记载，「草船借箭」的是诸葛亮？",
    "value": 2
  },
  {
    "name": "「闭月」是貂蝉的代称？",
    "value": 1
  },
  {
    "name": "「常胜将军」指代赵云？",
    "value": 1
  },
  {
    "name": "「赤壁之战」中是黄盖建策火攻？",
    "value": 1
  },
  {
    "name": "「官渡之战」中袁绍获胜？",
    "value": 2
  },
  {
    "name": "「郭嘉不死卧龙不出」出自三国典故？",
    "value": 1
  },
  {
    "name": "「曲有误，周郎顾」表达了周瑜不懂音律？",
    "value": 2
  },
  {
    "name": "「三姓家奴」是指飞将吕布？",
    "value": 1
  },
  {
    "name": "「士别三日」形容吕蒙笃志力学？",
    "value": 1
  },
  {
    "name": "「吴下阿蒙」即指吕蒙？",
    "value": 1
  },
  {
    "name": "「小菜一碟」指的是张飞吃豆芽？",
    "value": 1
  },
  {
    "name": "「羞花」是貂蝉的代称？",
    "value": 2
  },
  {
    "name": "「荀令留香」是指荀或厨艺高超？",
    "value": 2
  },
  {
    "name": "「与曹操交手而不死，能败诸葛亮而自活」是指司马懿？",
    "value": 1
  },
  {
    "name": "「张辽止啼」指张辽和善，善于哄孩子？",
    "value": 2
  },
  {
    "name": "「总角之好」用于形容周瑜与孙策的交情？",
    "value": 1
  },
  {
    "name": "拜将封侯的董卓为东汉忠臣？",
    "value": 2
  },
  {
    "name": "宝马良驹赤兔的主人不包括吕布？",
    "value": 2
  },
  {
    "name": "蔡文姬擅长音律？",
    "value": 1
  },
  {
    "name": "曹仁被称为「天人将军」？",
    "value": 1
  },
  {
    "name": "曹仁是曹操的儿子？",
    "value": 2
  },
  {
    "name": "成语「水淹七军」与庞统有关？",
    "value": 2
  },
  {
    "name": "大乔为孙策之妻？",
    "value": 1
  },
  {
    "name": "典故「胆大如斗」与姜维有关？",
    "value": 1
  },
  {
    "name": "典故「舌战群儒」与周瑜有关？",
    "value": 2
  },
  {
    "name": "典故「杏林圣手」出自华佗？",
    "value": 2
  },
  {
    "name": "典故「英雄难过美人关」出自「吕布与貂蝉」？",
    "value": 1
  },
  {
    "name": "典韦力大过人，被称为「古之恶来」？",
    "value": 1
  },
  {
    "name": "典韦善用的武器包括「大双戟」？",
    "value": 1
  },
  {
    "name": "典韦是腹隐机谋的知名谋士？",
    "value": 2
  },
  {
    "name": "貂蝉的「美人计」用于离间董卓和吕布？",
    "value": 1
  },
  {
    "name": "东汉末年国色美女小乔为周瑜之妻？",
    "value": 1
  },
  {
    "name": "董卓曾收吕布为义子？",
    "value": 1
  },
  {
    "name": "董卓为曹操帐下大将？",
    "value": 2
  },
  {
    "name": "甘宁被称为江表之虎臣？",
    "value": 1
  },
  {
    "name": "甘宁为魏国名将？",
    "value": 2
  },
  {
    "name": "甘宁因「少有气力，好游侠」，被称为「锦帆贼」？",
    "value": 1
  },
  {
    "name": "公孙瓒别名「白马将军」？",
    "value": 1
  },
  {
    "name": "公孙瓒击败袁绍，致袁绍引火自焚？",
    "value": 2
  },
  {
    "name": "公孙瓒因数次「大破黄巾」而威名大震？",
    "value": 1
  },
  {
    "name": "郭嘉被史籍称为「才策谋略，世之奇士」？",
    "value": 1
  },
  {
    "name": "郭嘉为孙策帐下谋士？",
    "value": 2
  },
  {
    "name": "合肥之战中，张辽以少胜多，威震江东？",
    "value": 1
  },
  {
    "name": "华佗被称为「外科鼻祖」？",
    "value": 1
  },
  {
    "name": "华佗因遭曹操怀疑，下狱被铂问致死？",
    "value": 1
  },
  {
    "name": "华佗与董奉、张仲景并称为「建安三神医」？",
    "value": 1
  },
  {
    "name": "华雄是奇谋百出的军事战略家？",
    "value": 2
  },
  {
    "name": "华雄效力于诸葛亮？",
    "value": 2
  },
  {
    "name": "贾诩曾任魏国最高军事长官「太尉」？",
    "value": 1
  },
  {
    "name": "贾诩为曹操帐下的主要谋士之一？",
    "value": 1
  },
  {
    "name": "贾诩献离间计成功瓦解马超、韩遂？",
    "value": 1
  },
  {
    "name": "刘备是三国时期蜀汉「五虎上将」之一？",
    "value": 2
  },
  {
    "name": "鲁肃为谋士，效力于蜀国？",
    "value": 2
  },
  {
    "name": "民间，张飞被尊为「屠宰业祖师」？",
    "value": 1
  },
  {
    "name": "民间游戏「华容道」是以三国为背景的游戏？",
    "value": 1
  },
  {
    "name": "明教以张角为教祖？",
    "value": 1
  },
  {
    "name": "三国时期，五虎上将之首是黄忠？",
    "value": 2
  },
  {
    "name": "三国时期曹操一生未称帝？",
    "value": 1
  },
  {
    "name": "三国时期的吴国由曹操建立？",
    "value": 2
  },
  {
    "name": "司马懿曾称帝？",
    "value": 2
  },
  {
    "name": "司马懿为曹操谋臣？",
    "value": 1
  },
  {
    "name": "算无遗策的贾诩为吴国谋士？",
    "value": 2
  },
  {
    "name": "孙策曾「一统江东」？",
    "value": 1
  },
  {
    "name": "孙策死于「赤壁之战」？",
    "value": 2
  },
  {
    "name": "太史慈曾为救孔融单骑突围向刘备求援？",
    "value": 1
  },
  {
    "name": "太史慈弦不虚发，被称为「神射手」？",
    "value": 1
  },
  {
    "name": "太史慈终效力于刘备？",
    "value": 2
  },
  {
    "name": "威振天下的董卓被吕布诛杀？",
    "value": 1
  },
  {
    "name": "夏侯渊天生独眼？",
    "value": 2
  },
  {
    "name": "夏侯渊与夏侯惇是父子？",
    "value": 2
  },
  {
    "name": "徐晃曾「击破关羽，解樊城之围」？",
    "value": 1
  },
  {
    "name": "荀或被称为「王佐之才」？",
    "value": 1
  },
  {
    "name": "颜良被关羽斩杀？",
    "value": 1
  },
  {
    "name": "颜良被孔融评价「勇冠三军」？",
    "value": 1
  },
  {
    "name": "颜良在官渡之战中战胜曹操大军？",
    "value": 2
  },
  {
    "name": "以胆气著称的吕蒙效力于刘备？",
    "value": 2
  },
  {
    "name": "袁绍战胜公孙瓒，统一河北？",
    "value": 1
  },
  {
    "name": "张飞与关羽被并称为「万人敌」？",
    "value": 1
  },
  {
    "name": "张角为黄巾起义首领之一？",
    "value": 1
  },
  {
    "name": "张角因战胜黄巾军而声名大噪？",
    "value": 2
  },
  {
    "name": "赵云与关羽、张飞「桃园结义」？",
    "value": 2
  },
  {
    "name": "赵云与关羽、张飞并称「燕南三士」？",
    "value": 1
  },
  {
    "name": "著名的「官渡之战」由袁绍发起？",
    "value": 1
  },
  {
    "name": "甄宓曾为袁绍之妻？",
    "value": 2
  },
  {
    "name": "甄宓为魏文帝曹丕妻子？",
    "value": 1
  },
  {
    "name": "周瑜逝世后，鲁肃代周瑜职务？",
    "value": 1
  },
  {
    "name": "《三国演义》中，「过五关斩六将」的武将是关羽？",
    "value": 1
  },
  {
    "name": "《三国演义》中，「火烧藤甲兵」的是诸葛亮？",
    "value": 1
  },
  {
    "name": "《三国演义》中，「三气周瑜」的是司马懿？",
    "value": 2
  },
  {
    "name": "《三国演义》中，「三英战吕布」发生在虎牢关？",
    "value": 1
  },
  {
    "name": "《三国演义》中，「身在曹营心在汉」的是刘备？",
    "value": 2
  },
  {
    "name": "《三国演义》中，「桃园三结义」中的桃园是张飞的住所？",
    "value": 1
  },
  {
    "name": "《三国演义》中，「万事俱备，只欠东风」说的是赤壁之战？",
    "value": 1
  },
  {
    "name": "《三国演义》中，败走麦城的是张飞？",
    "value": 2
  },
  {
    "name": "《三国演义》中，被称为「大耳贼」的是曹操？",
    "value": 2
  },
  {
    "name": "《三国演义》中，被称为「奸雄」的是司马懿？",
    "value": 2
  },
  {
    "name": "《三国演义》中，被称为「诸葛村夫」的是诸葛亮？",
    "value": 1
  },
  {
    "name": "《三国演义》中，被追杀时「割须断袍」的是马超？",
    "value": 2
  },
  {
    "name": "《三国演义》中，曹操赤壁兵败后是曹仁率军接应的？",
    "value": 1
  },
  {
    "name": "《三国演义》中，称号「卧龙」的是诸葛亮？",
    "value": 1
  },
  {
    "name": "《三国演义》中，持方天画戟的武将是吕布？",
    "value": 1
  },
  {
    "name": "《三国演义》中，持青龙偃月刀的武将是关羽？",
    "value": 1
  },
  {
    "name": "《三国演义》中，单刀赴会的是赵云？",
    "value": 2
  },
  {
    "name": "《三国演义》中，发明「木牛流马」的是诸葛亮？",
    "value": 1
  },
  {
    "name": "《三国演义》中，关羽曾一边「刮骨疗毒」一边与将领饮酒？",
    "value": 2
  },
  {
    "name": "《三国演义》中，火烧连营大败蜀军的将领是诸葛亮？",
    "value": 2
  },
  {
    "name": "《三国演义》中，吕布称号「关内侯」？",
    "value": 2
  },
  {
    "name": "《三国演义》中，庞统的称号是「幼麟」？",
    "value": 2
  },
  {
    "name": "《三国演义》中，七擒孟获的是司马懿？",
    "value": 2
  },
  {
    "name": "《三国演义》中，为关羽「刮骨疗毒」的医生是张仲景？",
    "value": 2
  },
  {
    "name": "《三国演义》中，要为曹操做开颅手术的是华佗？",
    "value": 1
  },
  {
    "name": "《三国演义》中，赵云的妻子是马超的姝妹马云禄？",
    "value": 2
  },
  {
    "name": "《三国演义》中，赵云在「赤壁之战」中救出阿斗？",
    "value": 2
  },
  {
    "name": "《三国演义》中，甄姬曾为袁绍之子袁熙的夫人？",
    "value": 1
  },
  {
    "name": "《三国演义》中，中诸葛亮「空城计」的是曹操？",
    "value": 2
  },
  {
    "name": "《三国演义》中，诸葛亮的「空城计」是为了阻挡曹操大军？",
    "value": 2
  },
  {
    "name": "《三国演义》中，祝融夫人被马超活捉？",
    "value": 2
  },
  {
    "name": "《三国演义》中，祝融夫人的丈夫为诸葛亮？",
    "value": 2
  },
  {
    "name": "《三国演义》中，祝融夫人擅长的暗器是飞针？",
    "value": 2
  },
  {
    "name": "「铜雀春深锁二乔」指的是火乔和小乔吗？",
    "value": 1
  },
  {
    "name": "「文姬归汉」指的是蔡文姬从匈奴回到中原吗？",
    "value": 1
  },
  {
    "name": "白马义从是赵云的部下？",
    "value": 2
  },
  {
    "name": "蔡文姬是被曹操赎回中原的吗？",
    "value": 1
  },
  {
    "name": "黄月英是诸葛亮的妻子？",
    "value": 1
  },
  {
    "name": "庞统和周瑜并称为「卧龙凤雏」？",
    "value": 2
  },
  {
    "name": "庞统是刘备的谋士吗？",
    "value": 1
  },
  {
    "name": "三国时期，董卓曾想和孙坚结成亲家？",
    "value": 1
  },
  {
    "name": "三国时期，公孙瓒和刘备是师兄弟关系？",
    "value": 1
  },
  {
    "name": "三国时期，姜维始终都是蜀国的将领？",
    "value": 2
  },
  {
    "name": "三国时期，姜维在诸葛亮病逝后成为蜀国丞相？",
    "value": 2
  },
  {
    "name": "三国时期，姜维在诸葛亮病逝后成为蜀国丞相？",
    "value": 2
  },
  {
    "name": "三国时期，十八路诸侯讨董后，孙坚率军攻入洛阳？",
    "value": 1
  },
  {
    "name": "三国时期，司马懿经常练习「五禽戏」？",
    "value": 1
  },
  {
    "name": "三国时期，孙策建立了吴国？",
    "value": 1
  },
  {
    "name": "三国时期，孙坚中箭而亡？",
    "value": 1
  },
  {
    "name": "三国时期，赵云无一败绩？",
    "value": 2
  },
  {
    "name": "《出师表》是诸葛亮写给刘禅的吗？",
    "value": 1
  },
  {
    "name": "《三国演义》中，「阿斗」是赵云的儿子？",
    "value": 2
  },
  {
    "name": "《三国演义》中，「宁教我负天下人，休教天下人负我」出自刘备之口？",
    "value": 2
  },
  {
    "name": "《三国演义》中，「虽未谱金兰，情谊比桃园」说的是赵云？",
    "value": 1
  },
  {
    "name": "《三国演义》中，「五虎上将」里没有魏延？",
    "value": 1
  },
  {
    "name": "《三国演义》中，「一个愿打一个愿挨」形容的是周瑜与黄忠？",
    "value": 2
  },
  {
    "name": "《三国演义》中，被称为「智绝」的是刘备？",
    "value": 2
  },
  {
    "name": "《三国演义》中，曹操让士兵们想象柠檬来止渴？",
    "value": 2
  },
  {
    "name": "《三国演义》中，关羽，字「云长」？",
    "value": 1
  },
  {
    "name": "《三国演义》中，关羽的坐骑是「绝影」？",
    "value": 2
  },
  {
    "name": "《三国演义》中，关羽为了离开曹操的麾下，达成了「过五关，斩六将」的壮举。",
    "value": 1
  },
  {
    "name": "《三国演义》中，郭嘉遗计定辽东。",
    "value": 1
  },
  {
    "name": "《三国演义》中，黄忠在定军山击杀了曹魏将领夏侯渊。",
    "value": 1
  },
  {
    "name": "《三国演义》中，刘备，字「孟德」？",
    "value": 2
  },
  {
    "name": "《三国演义》中，刘备的专属武器名为「青龙偃月刀」？",
    "value": 2
  },
  {
    "name": "《三国演义》中，马超有「花马超」的称呼。",
    "value": 2
  },
  {
    "name": "《三国演义》中，呢称为「阿斗」的是刘备？",
    "value": 2
  },
  {
    "name": "《三国演义》中，司马昭是司马懿的父亲？",
    "value": 2
  },
  {
    "name": "《三国演义》中，死于「落凤坡」的名将是庞统？",
    "value": 1
  },
  {
    "name": "《三国演义》中，宣称自己会「梦中杀人」的是曹操？",
    "value": 1
  },
  {
    "name": "《三国演义》中，张飞的专属武器名为「丈八蛇矛」？",
    "value": 1
  },
  {
    "name": "《三国演义》中，赵云曾孤胆救黄忠。",
    "value": 1
  },
  {
    "name": "《三国演义》中，诸葛亮，字「孔明」？",
    "value": 1
  },
  {
    "name": "《三国演义》中，诸葛亮发明了「诸葛连弩」？",
    "value": 1
  },
  {
    "name": "《三国演义》中，诸葛亮挥泪斩了马超？",
    "value": 2
  },
  {
    "name": "「白帝城托孤」指的是刘备将自己的儿子托付给赵云？",
    "value": 2
  },
  {
    "name": "「单刀赴会」是诸葛亮邀请关羽前往的。",
    "value": 2
  },
  {
    "name": "「扶不起的阿斗」指的是刘禅？",
    "value": 1
  },
  {
    "name": "「割须弃袍」发生于曹操和马超交战时。",
    "value": 2
  },
  {
    "name": "「黄巾起义」被看做三国时代的开端吗？",
    "value": 1
  },
  {
    "name": "「孔明灯」在古代曾用于传递军情？",
    "value": 1
  },
  {
    "name": "「乐不思蜀」指的是刘禅？",
    "value": 1
  },
  {
    "name": "「衣带诏」事发后曹操派军讨伐刘备？",
    "value": 1
  },
  {
    "name": "曹操被评价为「治世之能臣，乱世之奸雄」。",
    "value": 1
  },
  {
    "name": "典故妄自菲薄出自诸葛亮的《前出师表》？",
    "value": 1
  },
  {
    "name": "郭嘉被曹操称为「吾之子房」。",
    "value": 2
  },
  {
    "name": "郭嘉是由贾诩推荐给曹操，并加入了曹操麾下。",
    "value": 2
  },
  {
    "name": "汉献帝自愿禅让帝位给丞相曹丕？",
    "value": 2
  },
  {
    "name": "华佗使用「麻沸散」是世界医学史上应用全身麻醉进行手术治疗的最早记载？",
    "value": 1
  },
  {
    "name": "华佗有自身编撰的医书流传下来。",
    "value": 2
  },
  {
    "name": "刘备曾自称「汉中王」？",
    "value": 1
  },
  {
    "name": "刘备称帝后不久就亲自率军伐吴？",
    "value": 1
  },
  {
    "name": "刘备少年时以织席贩履为生？",
    "value": 1
  },
  {
    "name": "挟天子以令诸侯的是曹操？",
    "value": 1
  },
  {
    "name": "荀或与同为曹操麾下的荀攸是叔侄关系。",
    "value": 1
  },
  {
    "name": "袁术曾经称帝但最后被刘备、朱灵军截道，呕血而死？",
    "value": 1
  },
  {
    "name": "在魏蜀吴三国中，吴国是最晚建立的吗？",
    "value": 1
  },
  {
    "name": "周泰是受到孙权的招揽加入了吴国。",
    "value": 2
  },
  {
    "name": "周泰在归顺孙策之前在江中劫掠为生。",
    "value": 1
  },
  {
    "name": "诸葛亮共北伐五次，第五次时病逝于五丈原？",
    "value": 1
  },
  {
    "name": "《咸鱼之王》里咸将蔡文姬只能通过开宝箱获取？",
    "value": 1
  },
  {
    "name": "《咸鱼之王》里「咸神火把」的持续时间为30分钟？",
    "value": 1
  },
  {
    "name": "《咸鱼之王》里「木质宝箱」每开一个可以获取1宝箱积分？",
    "value": 1
  },
  {
    "name": "《咸鱼之王》里每位玩家每日可以进行三次「免费点金」？",
    "value": 1
  },
  {
    "name": "《咸鱼之王》里鱼缸位于玩家的「客厅」界面内？",
    "value": 1
  },
  {
    "name": "《咸鱼之王》里「咸神门票」可以用于参加竞技场战斗？",
    "value": 1
  },
  {
    "name": "《咸鱼之王》里「梦魇水晶」无法重生，只能通过无损换将置换到其他咸将身上？",
    "value": 1
  },
  {
    "name": "《咸鱼之王》里「龙鱼·八卦」是咸将黄月英的专属鱼灵？",
    "value": 2
  },
  {
    "name": "《咸鱼之王》里「万能红将碎片」可以开出蔡文姬的碎片吗？",
    "value": 2
  },
  {
    "name": "《咸鱼之王》里好友的「客厅」内会随机刷出钻石、白银、普通三种盐罐？",
    "value": 2
  },
  {
    "name": "《咸鱼之王》里「招募令」可以招募到咸将关银屏？",
    "value": 2
  },
  {
    "name": "《咸鱼之王》里有「万能紫将碎片」？",
    "value": 2
  },
  {
    "name": "《咸鱼之王》里咸将的专属鱼都有「龙鱼」前缀。",
    "value": 1
  },
  {
    "name": "《咸鱼之王》里「青铜宝箱」每次开启可以获取到10宝箱积分？",
    "value": 1
  },
  {
    "name": "《咸鱼之王》里咸将分为四个阵营？",
    "value": 1
  },
  {
    "name": "《咸鱼之王》里咸将貂蝉是「群雄」阵营的。",
    "value": 1
  },
  {
    "name": "《咸鱼之王》里咸将貂蝉的主动技能可以减少敌人怒气值。",
    "value": 1
  },
  {
    "name": "《咸鱼之王》里「灯神挑战」每天可以免费获取3个「扫荡魔毯」。",
    "value": 1
  },
  {
    "name": "《咸鱼之王》里同种类盐罐同时只能占据一个。",
    "value": 1
  },
  {
    "name": "《咸鱼之王》里有「白银宝箱」。",
    "value": 2
  },
  {
    "name": "《咸鱼之王》中升级俱乐部「高级科技」时需要先点满对应职业的「基础科技」。",
    "value": 1
  },
  {
    "name": "《咸鱼之王》里咸将诸葛亮的主动技能「星落」有控制效果。",
    "value": 2
  },
  {
    "name": "《咸鱼之王》里咸将黄月英的职业是法师。",
    "value": 2
  },
  {
    "name": "《咸鱼之王》里开启「木质宝箱」有概率获取金砖。",
    "value": 2
  },
  {
    "name": "《咸鱼之王》里咸将姜维可以同时攻击全部敌人。",
    "value": 2
  },
  {
    "name": "《咸鱼之王》里只要咸将貂蝉在场，吕布就不会阵亡。",
    "value": 2
  },
  {
    "name": "《咸鱼之王》里鱼灵「惊涛」无法将受到的持续伤害效果分5回合扣除。",
    "value": 1
  },
  {
    "name": "《咸鱼之王》里开启「钻石宝箱」时，不会获得宝箱积分。",
    "value": 1
  },
  {
    "name": "《咸鱼之王》「捕获」玩法中，每进行十次高级捕获必出稀有鱼灵。",
    "value": 1
  },
  {
    "name": "《咸鱼之王》「盐场争霸」中，可以通过消耗20金砖来加速行军。",
    "value": 1
  },
  {
    "name": "《咸鱼之王》里咸将星级在达到21星时，即可获得「机甲皮肤」",
    "value": 1
  },
  {
    "name": "《咸鱼之王》里宝箱积分达1000分时，可一键领取累计积分奖励宝箱。",
    "value": 1
  },
  {
    "name": "《咸鱼之王》里俱乐部团长连续7天未登录，团长职位将自动转让其他成员。",
    "value": 1
  },
  {
    "name": "《咸鱼之王》里「玩具」每周有一次免费无损转换的机会。",
    "value": 1
  },
  {
    "name": "《咸鱼之王》「灯神挑战」内，每个阵营中有15层可挑战的关卡。",
    "value": 1
  },
  {
    "name": "《咸鱼之王》「咸神竞技场」中，每日可以免费进行3次挑战。",
    "value": 1
  },
  {
    "name": "《咸鱼之王》重复攻打击杀过的「俱乐部BOSS」 ，无法再次获得排名奖励。",
    "value": 1
  },
  {
    "name": "《咸鱼之王》已附身的鱼灵仍会在「鱼缸」中显示。",
    "value": 2
  },
  {
    "name": "《咸鱼之王》「普通鱼竿」免费捕获的刷新时间为6个小时。",
    "value": 2
  },
  {
    "name": "《咸鱼之王》「每日咸王考验」中，共有4个不同BOSS。",
    "value": 2
  },
  {
    "name": "「孔融让梨」的故事讲的是孔融小小年纪便有谦让的美德？",
    "value": 1
  },
  {
    "name": "成语「初出茅庐」出自《三国演义》？",
    "value": 1
  },
  {
    "name": "「三家归晋」结束了汉末三国时期以来的割据混战的局面？",
    "value": 1
  },
  {
    "name": "《三国演义》中，「虎女焉能配犬子」一句中，虎女指的是关羽之女。",
    "value": 1
  },
  {
    "name": "「莫作孔明择妇，正得阿承丑女」说的是诸葛亮的择偶标准。",
    "value": 1
  },
  {
    "name": "《三国演义》中，许褚跟许攸是兄弟。",
    "value": 2
  },
  {
    "name": "俗语「赔了夫人又折兵」中的夫人是小乔。",
    "value": 2
  },
  {
    "name": "「赔了夫人又折兵」的上半句为「孔明妙计安天下」。",
    "value": 2
  },
  {
    "name": "四大美女中「落雁」说的是被匈奴所掳的蔡文姬。",
    "value": 2
  },
  {
    "name": "「大丈夫何患无妻」一典故出自《三国演义》中的赵云之口？",
    "value": 1
  },
  {
    "name": "《咸鱼之王》中，招募界面的NPC名宇是「猫婆婆」？",
    "value": 1
  },
  {
    "name": "《咸鱼之王》中，「每日任务」重置时间为每日0点？",
    "value": 1
  },
  {
    "name": "《咸鱼之王》中，「每日任务」重置时间为每日8点？",
    "value": 2
  },
  {
    "name": "《咸鱼之王》中，每位玩家每日有一次免费刷新「黑市」的机会？",
    "value": 1
  },
  {
    "name": "《咸鱼之王》中，每位玩家每日有三次免费刷新「黑市」的机会？",
    "value": 2
  },
  {
    "name": "《咸鱼之王》中，每消耗20个「普通鱼竿」可以免费获取1个「黄金鱼竿」？",
    "value": 1
  },
  {
    "name": "《咸鱼之王》中，每消耗10个「普通鱼竿」可以免费获取1个「黄金鱼竿」？",
    "value": 2
  },
  {
    "name": "《咸鱼之王》中，副本「每日咸王考验」累计伤害奖励上限为1亿？",
    "value": 2
  },
  {
    "name": "《咸鱼之王》中，副本「每日咸王考验」累计伤害奖励上限为5亿？",
    "value": 1
  },
  {
    "name": "《咸鱼之王》中，副本「每日咸王考验」累计伤害奖励上限为10亿？",
    "value": 2
  },
  {
    "name": "《咸鱼之王》中，道具「珍珠」可以在「神秘商店」使用？",
    "value": 1
  },
  {
    "name": "《咸鱼之王》中，鱼灵「黄金锦鲤」可在「神秘商店」中消耗珍珠兑换？",
    "value": 1
  },
  {
    "name": "《咸鱼之王》中，玩家每次占领「盐罐」会消耗10点「能量」",
    "value": 1
  },
  {
    "name": "《咸鱼之王》中，玩家每次占领「盐罐」会消耗1点「能量」",
    "value": 2
  },
  {
    "name": "《咸鱼之王》中，一个「俱乐部」最多容纳30位成员？",
    "value": 1
  },
  {
    "name": "《咸鱼之王》中，1个「俱乐部」最多有2位副团长？",
    "value": 1
  },
  {
    "name": "《咸鱼之王》中，玩家可在「图鉴」内可查看满级咸将信息？",
    "value": 1
  },
  {
    "name": "《咸鱼之王》中，「月度活动」每月刷新1次？",
    "value": 1
  },
  {
    "name": "《咸鱼之王》中，「每日任务」中日活跃积分达到80的奖励为钻石宝箱？",
    "value": 2
  },
  {
    "name": "《咸鱼之王》中，「每日任务」中日活跃积分达到100的奖励为招募令？",
    "value": 1
  },
  {
    "name": "《咸鱼之王》中，游戏内有金色鱼灵「黄金鲸鱼」？",
    "value": 2
  },
  {
    "name": "《咸鱼之王》中，玩家可通过「咸将塔」玩法获取「珍珠」道具？",
    "value": 2
  },
  {
    "name": "《咸鱼之王》中，月度「捕获达标」活动达成相应目标后可以获得珍珠。",
    "value": 1
  },
  {
    "name": "《咸鱼之王》中，月度「捕获达标」活动达成相应目标后可以获得万能红将碎片。",
    "value": 2
  },
  {
    "name": "《咸鱼之王》中，咸将的四个阵营分别为魏、蜀、吴、群雄。",
    "value": 1
  },
  {
    "name": "《咸鱼之王》中，除了咸将外，其余的怪物都没有职业。",
    "value": 1
  },
  {
    "name": "《咸鱼之王》中，「灯神挑战」不同的阵营挑战内，只能上阵对应阵营的减将。",
    "value": 1
  },
  {
    "name": "《咸鱼之王》中，精铁可以直接用金砖购买。",
    "value": 1
  },
  {
    "name": "《咸鱼之王》中，进阶石可以直接使用金砖购买。",
    "value": 1
  },
  {
    "name": "《咸鱼之王》中，「招募」可以有概率获得红色武将。",
    "value": 1
  },
  {
    "name": "《咸鱼之王》中，贾诩为吴国阵营咸将？",
    "value": 2
  },
  {
    "name": "《咸鱼之王》中，每日可以免费招募一次。",
    "value": 1
  },
  {
    "name": "《咸鱼之王》中，「每日咸王考验」可以挑战多次。",
    "value": 1
  },
  {
    "name": "《咸鱼之王》中，蔡文姬是红色武将。",
    "value": 2
  },
  {
    "name": "《咸鱼之王》中，「咸王梦境」为每日开放。",
    "value": 2
  },
  {
    "name": "《咸鱼之王》中，「咸王梦境」周二会开放。",
    "value": 2
  },
  {
    "name": "《咸鱼之王》中，姜维攻击后可以获得护盾。",
    "value": 2
  },
  {
    "name": "《咸鱼之王》中，俱乐部人数没有上限。",
    "value": 2
  },
  {
    "name": "《三国演义》中，「怒打督邮」的是张飞。",
    "value": 1
  },
  {
    "name": "祝融夫人是《三国演义》虚构人物。",
    "value": 1
  },
  {
    "name": "《三国演义》中，「拔矢啖晴」的是夏侯惇。",
    "value": 1
  },
  {
    "name": "《三国演义》中，「拔矢啖睛」的是夏侯渊。",
    "value": 2
  },
  {
    "name": "《三国演义》中，「曹操献刀」本是要刺杀董卓。",
    "value": 1
  },
  {
    "name": "《三国演义》中，许攸被许褚所杀。",
    "value": 1
  },
  {
    "name": "《咸鱼之王》中，捕获一次最多可以使用10个鱼竿。",
    "value": 1
  },
  {
    "name": "《咸鱼之王》中，「咸鱼大冲关」每周任务是周一0点重置。",
    "value": 1
  },
  {
    "name": "《咸鱼之王》中，「咸鱼大冲关」每周任务是周一8点重置。",
    "value": 2
  },
  {
    "name": "《咸鱼之王》中，挂机奖励加钟，最多可以有5名好友助力。",
    "value": 2
  },
  {
    "name": "《咸鱼之王》中，挂机奖励加钟，最多可以有4名好友助力。",
    "value": 1
  },
  {
    "name": "《咸鱼之王》中，每日6点重置点金次数。",
    "value": 2
  },
  {
    "name": "《咸鱼之王》中，「俱乐部」每日签到可以获得「军团币」？",
    "value": 1
  },
  {
    "name": "《咸鱼之王》中，「黑市」每日0点自动刷新商品？",
    "value": 1
  },
  {
    "name": "《咸鱼之王》中，「黑市」每日8点自动刷新商品？",
    "value": 2
  },
  {
    "name": "《咸鱼之王》中，可以使用「珍珠」兑换「万能红将碎片」？",
    "value": 1
  },
  {
    "name": "《咸鱼之王》中，「咸神门票」可以通过「金砖」进行购买？",
    "value": 1
  },
  {
    "name": "《咸鱼之王》中，「灯神挑战」内分为四个阵营？",
    "value": 1
  },
  {
    "name": "《咸鱼之王》中，玩家的「勋章墙」内最多展示4个「徽章」？",
    "value": 1
  },
  {
    "name": "《咸鱼之王》中，「主公」达到4001级开启「玩具」玩法？",
    "value": 1
  },
  {
    "name": "《咸鱼之王》中，「玩具」需要花费「扳手」进行激活？",
    "value": 1
  },
  {
    "name": "《咸鱼之王》中，「咸王梦境」每成功通过十层可以遇到一次梦境商人？",
    "value": 1
  },
  {
    "name": "《咸鱼之王》中，挑战「咸将塔」需要花费「小鱼干」？",
    "value": 1
  },
  {
    "name": "《咸鱼之王》中，「小鱼干」可以通过「金砖」进行购买？",
    "value": 1
  },
  {
    "name": "《咸鱼之王》中，「招募」无法获得咸将吕玲绮。",
    "value": 1
  },
  {
    "name": "《咸鱼之王》中，「灯神挑战」的奖励包括「珍珠」？",
    "value": 2
  },
  {
    "name": "《咸鱼之王》中，「咸王梦境」中的梦境调料「普通盐瓶」可以恢复咸将怒气？",
    "value": 2
  },
  {
    "name": "《咸鱼之王》中，进阶石可以通过参与「咸将塔」玩法获取。",
    "value": 1
  },
  {
    "name": "《咸鱼之王》中，「扳手」在通关主线7001关后可以通过挂机奖励获得。",
    "value": 1
  },
  {
    "name": "《咸鱼之王》中，「军团币」可以用于升级「俱乐部科技」？",
    "value": 1
  },
  {
    "name": "《咸鱼之王》中，装备最多可以开到5个淬炼孔位？",
    "value": 1
  },
  {
    "name": "《咸鱼之王》中，「青铜火把」会为主线战斗中上阵的咸将增加5%攻击？",
    "value": 1
  },
  {
    "name": "《咸鱼之王》中，「木材火把」会使主线战斗以1.5倍速进行？",
    "value": 1
  },
  {
    "name": "《咸鱼之王》中，道具「金砖」可以用于在「黑市」中购买物品？",
    "value": 1
  },
  {
    "name": "《咸鱼之王》中，装备中的坐骑会为咸将提供防御加成？",
    "value": 2
  },
  {
    "name": "《咸鱼之王》中，攻打「俱乐部×OSS」后可以获得皮肤币奖励？",
    "value": 2
  },
  {
    "name": "《咸鱼之王》中，咸将皮肤可以使用「军团币」来进行兑换？",
    "value": 2
  },
  {
    "name": "《咸鱼之王》中，咸将的等级上限为2000级？",
    "value": 2
  },
  {
    "name": "《咸鱼之王》中，咸将「张星彩」属于群雄阵营？",
    "value": 2
  },
  {
    "name": "《咸鱼之王》中，咸将「颜良」属于魏国阵营？",
    "value": 2
  },
  {
    "name": "《咸鱼之王》中，「招募」无法获得咸将关银屏。",
    "value": 1
  },
  {
    "name": "《咸鱼之王》俱乐部中，每日最多可以攻打4次「俱乐部BOSS」。",
    "value": 1
  },
  {
    "name": "《咸鱼之王》中，俱乐部团长无法退出俱乐部。",
    "value": 1
  },
  {
    "name": "《咸鱼之王》中，主动退出俱乐部12小时后才可以加入新的俱乐部。",
    "value": 1
  },
  {
    "name": "《咸鱼之王》中，装备中的铠甲会为咸将提供血量加成？",
    "value": 1
  },
  {
    "name": "《咸鱼之王》中，红色咸将的觉醒技能需要咸将达到一定星级才能解锁。",
    "value": 1
  },
  {
    "name": "《咸鱼之王》中，布阵时，前排可上阵2名咸将，后排可上阵3名咸将。",
    "value": 1
  },
  {
    "name": "《咸鱼之王》竞技场中，未对防守阵容进行设置时，将默认使用主线阵容。",
    "value": 1
  },
  {
    "name": "《咸鱼之王》中，「邮件」最长保存30天。",
    "value": 1
  },
  {
    "name": "《咸鱼之王》中，「邮件」最长保存10天。",
    "value": 2
  },
  {
    "name": "《咸鱼之王》中，「淬炼」可能出现的属性共21种。",
    "value": 1
  },
  {
    "name": "《咸鱼之王》中，「俱乐部BOSS」被击败后会按照玩家造成的总伤害排名发放排名奖励。",
    "value": 1
  },
  {
    "name": "《咸鱼之王》中，晚上23时仍可以进行竞技场战斗。",
    "value": 2
  },
  {
    "name": "《咸鱼之王》中，开启「省电模式」将停止主线关卡战斗。",
    "value": 2
  },
  {
    "name": "鲁肃，字「子敬」。",
    "value": 1
  },
  {
    "name": "蔡文姬，本名蔡琰？",
    "value": 1
  },
  {
    "name": "「池中之物」一词出自《三国志》中周瑜之口？",
    "value": 1
  },
  {
    "name": "《咸鱼之王》中，装备中的头冠会为咸将提供防御加成？",
    "value": 1
  },
  {
    "name": "《咸鱼之王》中，「咸神火把」会为主线战斗中上阵的咸将增加15%攻击？",
    "value": 1
  },
  {
    "name": "《咸鱼之王》中，「咸神火把」与「青铜火把」均会使主线战斗以2倍速进行？",
    "value": 1
  },
  {
    "name": "刘表是刘备的次子？",
    "value": 2
  },
  {
    "name": "「望梅止渴」是周瑜带队行军时发生的故事？",
    "value": 2
  },
  {
    "name": "《咸鱼之王》中，「扳手」可以在「黑市」中花费「金砖」获取？",
    "value": 1
  },
  {
    "name": "《咸鱼之王》中，在「盐锭商店」中可以花费「盐锭」兑换到「皮肤币」？",
    "value": 1
  },
  {
    "name": "《咸鱼之王》中，月赛助威截止后，未使用的「拍手器」会被回收？",
    "value": 1
  },
  {
    "name": "《咸鱼之王》中，「咸鱼大冲关」单局累计答对10题可获取10个「招募令」？",
    "value": 1
  },
  {
    "name": "《咸鱼之王》中，通行证「竞技经验」 不需要邮件领取，直接发放给玩家？",
    "value": 1
  },
  {
    "name": "《咸鱼之王》中，「俱乐部排位赛」的段位一共有7种？",
    "value": 1
  },
  {
    "name": "《咸鱼之王》中，「阵营光环」上阵任意3个同阵营的武将就能生效。",
    "value": 2
  },
  {
    "name": "《咸鱼之王》中，月度活动「捕获达标」达标奖动包含道具「金砖」？",
    "value": 1
  },
  {
    "name": "《咸鱼之王》中，俱乐部的「团长」和「副团长」可以选择「排位赛」出战成员？",
    "value": 1
  },
  {
    "name": "《咸鱼之王》中，玩家每日可在「灯神挑战」中挑战10次？",
    "value": 1
  },
  {
    "name": "《咸鱼之王》中，咸将「曹仁」的职业是「肉盾」？",
    "value": 1
  },
  {
    "name": "《咸鱼之王》中，「彩玉」可以花费「金币」进行兑换？",
    "value": 2
  },
  {
    "name": "《咸鱼之王》中，在「助威商店」中可以花费「助威币」兑换到「万能红将碎片」？",
    "value": 2
  },
  {
    "name": "《咸鱼之王》中，月度活动「咸神争霸」达标奖励包含道具「珍珠」？",
    "value": 2
  },
  {
    "name": "《咸鱼之王》中，在「黑市」可以通过「金砖」兑换「钻石宝箱」？",
    "value": 2
  },
  {
    "name": "《咸鱼之王》中，咸将「蔡文姬」属于魏国阵营？",
    "value": 1
  },
  {
    "name": "《咸鱼之王》中，可以通过「万能红将碎片」开出「贾诩碎片」？",
    "value": 1
  },
  {
    "name": "《咸鱼之王》中，「咸王梦境」玩法在通关1000关后开放？",
    "value": 1
  },
  {
    "name": "《咸鱼之王》中，「灯神挑战」中，每阵营前五层的首通奖励均为精铁和进阶石？",
    "value": 1
  },
  {
    "name": "《咸鱼之王》中，「咸鱼大冲关」内累计答对30道题目可获得「金鱼公主」皮肤？",
    "value": 1
  },
  {
    "name": "《咸鱼之王》中，「咸鱼大冲关」内完成20次大冲关任务可获得「马头咸鱼」皮肤？",
    "value": 1
  },
  {
    "name": "《咸鱼之王》中，「金币礼包」可以通过「捕获」玩法获取？",
    "value": 1
  },
  {
    "name": "《咸鱼之王》中，可以通过「图鉴」查看咸将满级后的技能效果？",
    "value": 1
  },
  {
    "name": "《咸鱼之王》中，攻打「每日咸王考验」内的「癫癫蛙」BOSS可获得招募令。",
    "value": 1
  },
  {
    "name": "《咸鱼之王》中，可以通过「万能橙将碎片」开出「蔡文姬碎片」？",
    "value": 2
  },
  {
    "name": "《咸鱼之王》中，通过「高级捕获」可以获得黄金鱼灵「利刃」？",
    "value": 2
  },
  {
    "name": "《咸鱼之王》中，咸将星级达到30级，可以觉醒第二技能？",
    "value": 2
  },
  {
    "name": "《咸鱼之王》中，咸将「黄月英」的职业为「法师」？",
    "value": 2
  },
  {
    "name": "《咸鱼之王》中，咸将「孙策」的职业为「战士」？",
    "value": 2
  },
  {
    "name": "《咸鱼之王》中，开启「晶石福袋」可以获得「进阶石」？",
    "value": 2
  },
  {
    "name": "《三国演义》中，「大丈夫生于乱世，当带三尺剑立不世之功」，是太史慈所说。",
    "value": 1
  },
  {
    "name": "《咸鱼之王》中，「咸将塔」每通关第10层，会给10个「小鱼干」。",
    "value": 1
  },
  {
    "name": "《咸鱼之王》中，「每日咸王考验」有10层伤害达标奖励。",
    "value": 1
  },
  {
    "name": "《咸鱼之王》中，「巅峰竞技场」 前100名，可登上「巅峰王者榜」。",
    "value": 1
  },
  {
    "name": "《咸鱼之王》中，激活「终身卡」，可以使挂机时间增加2小时。",
    "value": 1
  },
  {
    "name": "《咸鱼之王》中，激活「月卡」，可以使挂机时间增加2小时。",
    "value": 1
  },
  {
    "name": "《咸鱼之王》中，「咸神竞技场」 内共分为六个段位。",
    "value": 1
  },
  {
    "name": "《咸鱼之王》中，「灯神挑战」每日0点刷新挑战次数。",
    "value": 1
  },
  {
    "name": "《咸鱼之王》中，若「签到」当日登录未领取，后续登录时可以一并领取。",
    "value": 1
  },
  {
    "name": "《咸鱼之王》中，激活「终身卡」，挂机金币收益增加10%。",
    "value": 1
  },
  {
    "name": "《咸鱼之王》中，激活「周卡」，挂机金币收益增加10%。",
    "value": 1
  },
  {
    "name": "《咸鱼之王》中，「签到」领取30次奖动内容后，奖动内容会进行刷新。",
    "value": 1
  },
  {
    "name": "《咸鱼之王》中，激活「月卡」，挂机金币收益增加10%。",
    "value": 2
  },
  {
    "name": "《咸鱼之王》中，「竞技场」 每周结算时，巅峰场玩家均可获得「巅峰王者徽章」。",
    "value": 2
  },
  {
    "name": "《咸鱼之王》中，「周卡」激活，可以使挂机时间增加2小时。",
    "value": 2
  },
  {
    "name": "《咸鱼之王》中，咸将装备的等级无法超「主公阿咸」的等级。",
    "value": 1
  },
  {
    "name": "《咸鱼之王》中，开启「金币礼包」获取的金币「招募令」与挂机奖励有关。",
    "value": 1
  },
  {
    "name": "《咸鱼之王》中，挑战「咸将塔」消耗的小鱼干在通过当前塔后会获得10个。",
    "value": 1
  },
  {
    "name": "《咸鱼之王》中，「梦魇水晶」的属性需要佩戴咸将达到701级才会生效。",
    "value": 1
  },
  {
    "name": "《咸鱼之王》中，咸将达到700级并进阶后可以激活自身全部基础技能。",
    "value": 1
  },
  {
    "name": "电影《喜剧之王》于1999年上映。",
    "value": 1
  },
  {
    "name": "《喜剧之王》的主演包括周星驰、莫文蔚、张柏芝和吴孟达。",
    "value": 1
  },
  {
    "name": "电影《喜剧之王》是周星驰系列电影的经典之作。",
    "value": 1
  },
  {
    "name": "周星驰不是《喜剧之王》导演。",
    "value": 2
  },
  {
    "name": "“我养你啊”出自电影《喜剧之王》。",
    "value": 1
  },
  {
    "name": "周星弛身兼《喜剧之王》导演主演的双重身份。",
    "value": 1
  },
  {
    "name": "《喜剧之王》电影中，尹天仇原本是一名成功的演员。",
    "value": 2
  },
  {
    "name": "《喜剧之王》电影中，尹天仇最终成功出演了新戏的男主角。",
    "value": 2
  },
  {
    "name": "《喜剧之王》电影中，尹天仇在片场遇到了卧底警员。",
    "value": 1
  },
  {
    "name": "《喜剧之王》电影中，尹天仇没有帮助警方破获案件。",
    "value": 2
  },
  {
    "name": "《喜剧之王》电影中，尹天仇得到了娟姐的赏识。",
    "value": 1
  },
  {
    "name": "《喜剧之王》电影中，尹天仇的梦想是成为一名演员。",
    "value": 1
  },
  {
    "name": "《喜剧之王》电影中，尹天仇在街坊福利会里开设的是舞蹈训练班。",
    "value": 2
  },
  {
    "name": "《喜剧之王》电影中，尹天仇的盒饭都没有被狗吃掉。",
    "value": 2
  },
  {
    "name": "《喜剧之王》电影中，柳飘飘是尹天仇街坊剧场的唯一观众。",
    "value": 1
  },
  {
    "name": "《喜剧之王》电影中，柳飘飘找尹天仇学习演技是因为喜欢他",
    "value": 2
  },
  {
    "name": "电影中，尹天仇在柳飘飘支持下继续在街坊福利会的演员训练班里教授表演技巧。",
    "value": 1
  },
  {
    "name": "《喜剧之王》电影中，娟姐没有考核过尹天仇的演技。",
    "value": 2
  },
  {
    "name": "《喜剧之王》电影中，洪爷肚子上的伤是尹天仇捅的。",
    "value": 2
  },
  {
    "name": "《喜剧之王》电影中，尹天仇饰演过神父",
    "value": 1
  },
  {
    "name": "《喜剧之王》电影中，“我养你啊”是尹天仇对柳飘飘说的。",
    "value": 1
  },
  {
    "name": "《喜剧之王》电影中，尹天仇曾指导阿飞，拓展保护费市场。",
    "value": 1
  },
  {
    "name": "《喜剧之王》电影中，尹天仇没有进入了犯罪团伙内部。",
    "value": 2
  },
  {
    "name": "《喜剧之王》电影中，片场导演每次说话都要附带一段舞。",
    "value": 1
  },
  {
    "name": "《喜剧之王》电影中，尹天仇最终被召入警方卧底小分队。",
    "value": 2
  },
  {
    "name": "《喜剧之王》电影中，尹天仇在街坊福利会里开设的是表演训练班。",
    "value": 1
  },
  {
    "name": "《喜剧之王》电影中，尹天仇的盒饭都被狗吃了。",
    "value": 2
  },
  {
    "name": "《喜剧之王》电影中，尹天仇设有在片场吃过盒饭。",
    "value": 1
  },
  {
    "name": "《喜剧之王》电影中，街坊福利会剧《雷雨》的主演没有洪爷。",
    "value": 2
  },
  {
    "name": "《喜剧之王》电影中，柳飘飘在尹天仇的指导下逐渐敞开心扉，并对尹天仇产生了感情。",
    "value": 1
  },
  {
    "name": "《喜剧之王》电影中，龙少爷给了柳飘飘很多钱。",
    "value": 1
  },
  {
    "name": "《喜剧之王》电影中，尹天仇把《演员的自我修养》送给了柳飘飘。",
    "value": 2
  },
  {
    "name": "《喜剧之王》电影中，尹天仇得到了大明星娟姐的提携，有机会在新戏中担任男主角。",
    "value": 1
  },
  {
    "name": "《喜剧之王》电影中，尹天仇饰演卧底警察被娟姐看中。",
    "value": 2
  },
  {
    "name": "《喜剧之王》电影中，杜娟儿出演了社区剧场雷雨。",
    "value": 1
  },
  {
    "name": "《喜剧之王》电影中，尹天仇的真实身份是警察。",
    "value": 2
  },
  {
    "name": "《喜剧之王》电影中，尹天仇喜欢娟姐，不喜欢柳飘飘。",
    "value": 2
  },
  {
    "name": "《喜剧之王》电影中，柳飘飘为了学习演技给尹天仇交学费。",
    "value": 1
  },
  {
    "name": "《喜剧之王》电影中，周星驰饰演尹天仇。",
    "value": 1
  },
  {
    "name": "《喜剧之王》电影中，柳飘飘不会抽烟。",
    "value": 2
  },
  {
    "name": "《喜剧之王》电影中，柳飘飘将头发剪短了。",
    "value": 2
  },
  {
    "name": "《喜剧之王》电影中，尹天仇喜欢霞姨。",
    "value": 2
  },
  {
    "name": "《喜剧之王》电影中，妈妈桑带领柳飘飘来到尹天仇的演员训练班",
    "value": 1
  },
  {
    "name": "《喜剧之王》电影中，柳飘飘的初恋是尹天仇。",
    "value": 2
  },
  {
    "name": "《喜剧之王》电影中，霞姨是片场导演。",
    "value": 2
  },
  {
    "name": "《喜剧之王》电影中，尹天仇凭借演时死尸的忘我，赢得了娟姐的认可。",
    "value": 1
  },
  {
    "name": "《喜剧之王》电影中，霞姨暗恋尹天仇。",
    "value": 2
  },
  {
    "name": "《喜剧之王》电影中，杜娟儿不怕蟑螂。",
    "value": 2
  },
  {
    "name": "《喜剧之王》电影中，龙少爷打了柳飘飘。",
    "value": 1
  },
  {
    "name": "《喜剧之王》电影中，柳飘飘是杜娟儿粉丝。",
    "value": 1
  },
  {
    "name": "《喜剧之王》电影中，霞姨很看重尹天仇。",
    "value": 2
  },
  {
    "name": "《喜剧之王》电影中，尹天仇跑龙套饰演过尸体",
    "value": 1
  },
  {
    "name": "《喜剧之王》电影中，尹天仇被香蕉皮绊倒过。",
    "value": 1
  },
  {
    "name": "《喜剧之王》电影中，尹天仇被柳飘飘殴打过。",
    "value": 1
  },
  {
    "name": "《喜剧之王》电影中，柳飘飘是龙少爷的初恋。",
    "value": 2
  },
  {
    "name": "《喜剧之王》电影中，街坊福利会可以打乒乓球。",
    "value": 1
  },
  {
    "name": "《喜剧之王》电影中，柳飘飘不会转呼啦图。",
    "value": 2
  },
  {
    "name": "《演员的自我修养》是尹天仇最喜欢的一本书.",
    "value": 1
  },
  {
    "name": "《喜剧之王》电影中，柳飘飘拿走了尹天仇的手表。",
    "value": 1
  },
  {
    "name": "《喜剧之王》电影中，柳飘飘爱上了龙少爷。",
    "value": 2
  },
  {
    "name": "电影《长江7号》是一部科幻喜剧片。",
    "value": 1
  },
  {
    "name": "《长江7号》电影中，外星生物是一个高科技的机器人。",
    "value": 2
  },
  {
    "name": "《长江7号》电影中，周小狄在学校里经常被欺负。",
    "value": 1
  },
  {
    "name": "《长江7号》电影中，7仔最终被周铁的儿子周小狄收养」",
    "value": 2
  },
  {
    "name": "《长江7号》电影中，周星驰饰演的角色是一名电工。",
    "value": 2
  },
  {
    "name": "《长江7号》电影中，7仔最终带领周小狄一家去到外星球生活。",
    "value": 2
  },
  {
    "name": "《长江7号》电影中，周小狄因为家境贫寒，而被同学取笑。",
    "value": 1
  },
  {
    "name": "《长江7号》电影中，周小狄因为7仔的帮助，成绩突飞猛进。",
    "value": 2
  },
  {
    "name": "《长江7号》电影中，周小狄在学校里与一名女同学成为了好朋友。",
    "value": 1
  },
  {
    "name": "《长江7号》电影中，7仔的能量来源是太阳能。",
    "value": 2
  },
  {
    "name": "《长江7号》电影中，周铁在建筑工地意外死亡，7仔施展神奇力量救了他。",
    "value": 1
  },
  {
    "name": "《长江7号》电影中，周小狄为了保护7仔，与其他小孩发生了打斗。",
    "value": 1
  },
  {
    "name": "《长江7号》电影中，周星驰饰演的角色周铁与7仔进行了足球比赛。",
    "value": 2
  },
  {
    "name": "《长江7号》电影中，周铁与周小狄的老师发展出了一段感情。",
    "value": 2
  },
  {
    "name": "《长江7号》电影中，7仔是从一颗彗星上掉落到地球的。",
    "value": 2
  },
  {
    "name": "《长江7号》电影中，周小狄最终成为了学霸，感谢7仔的帮助。",
    "value": 2
  },
  {
    "name": "《长江7号》电影中，7仔的能力之一是可以变身成其他物品或生物。",
    "value": 2
  },
  {
    "name": "《长江7号》电影中，周星驰饰演的角色周铁为了保护7仔，决定将其送回外星球。",
    "value": 2
  },
  {
    "name": "《长江7号》电影中，周铁为了给儿子周小狄买衣服而去垃圾堆捡拾物品。",
    "value": 2
  },
  {
    "name": "《长江7号》电影中，周小狄在学校被同学欺负是因为他们家境贫寒。",
    "value": 1
  },
  {
    "name": "《长江7号》电影中，周铁的儿子名叫大时钟。",
    "value": 2
  },
  {
    "name": "《长江7号》电影中，周星驰饰演的角色经常捡拾物品来维持生计。",
    "value": 1
  },
  {
    "name": "《长江7号》电影中，7仔最终成为了周小狄一家的宠物。",
    "value": 2
  },
  {
    "name": "《长江7号》电影中，周小狄因为学习压力大，曾经想过放弃学业。",
    "value": 1
  },
  {
    "name": "《长江7号》电影中，周星驰饰演的角色被误认为是外星人。",
    "value": 2
  },
  {
    "name": "《长江7号》电影中，周小狄在学校里曾经因为7仔成为了同学们的焦点。",
    "value": 1
  },
  {
    "name": "《长江7号》电影中，周星驰饰演的角色故意把7仔丢掉，以保护家人免受危险。",
    "value": 2
  },
  {
    "name": "《长江7号》电影中，周小狄曾经因为7仔而卷入一场事故。",
    "value": 1
  },
  {
    "name": "《长江7号》电影中，周小狄在众人面前展示了7仔的神奇能力。",
    "value": 2
  },
  {
    "name": "《长江7号》电影中，7仔曾经救过一名落水的小孩。",
    "value": 2
  },
  {
    "name": "《长江7号》电影中，周小狄在学校里因为7仔结交了新朋友。",
    "value": 1
  },
  {
    "name": "《长江7号》电影中，周小狄在学校里遇到了一位善良的女教师，她对他很照顾。",
    "value": 1
  },
  {
    "name": "《长江7号》电影中，7仔的能力之一是可以预测未来。",
    "value": 2
  },
  {
    "name": "《长江7号》电影中，周星驰饰演的角色为了哄儿子开心，故意说7仔是贵重的玩具。",
    "value": 1
  },
  {
    "name": "《长江7号》电影中，7仔在周小狄身边变身成一只大熊猫。",
    "value": 2
  },
  {
    "name": "《长江7号》电影中，周小狄曾经因为7仔而受到老师表扬",
    "value": 2
  },
  {
    "name": "《长江7号》电影中，7仔曾经被一名坏人抢走。",
    "value": 2
  },
  {
    "name": "《长江7号》电影中，周星驰饰演的角色为了保护7仔，曾经与一名黑帮打斗。",
    "value": 2
  },
  {
    "name": "《长江7号》电影中，7仔最终带领周小狄一家过上了幸福的生活。",
    "value": 2
  },
  {
    "name": "《长江7号》电影中，周星驰饰演的角色为了给儿子买玩具而去垃圾堆捡拾物品。",
    "value": 1
  },
  {
    "name": "《长江7号》电影中，周铁捡到的外星生物是灰色的。",
    "value": 2
  },
  {
    "name": "《长江7号》电影中，周小狄的学校是一所普通的学校。",
    "value": 2
  },
  {
    "name": "《长江7号》电影中，7仔有治愈能力。",
    "value": 1
  },
  {
    "name": "《长江7号》电影中，周星驰饰演的角色是一位贫穷的父亲和建筑工人。",
    "value": 1
  },
  {
    "name": "《长江7号》电影中，周小狄最好的朋友是一位女生。",
    "value": 1
  },
  {
    "name": "《长江7号》电影中，7仔并不会说人类的语言。",
    "value": 1
  },
  {
    "name": "《长江7号》电影中，外星生物7仔会飞。",
    "value": 2
  },
  {
    "name": "《长江7号》电影中，7仔可以让时间倒流。",
    "value": 2
  },
  {
    "name": "《长江7号》电影中，7仔的能量来源是吃食物。",
    "value": 2
  },
  {
    "name": "《长江7号》电影中，7仔最终变成了一只小狗。",
    "value": 2
  },
  {
    "name": "《长江7号》电影中，周小狄从来没有想过放弃学业。",
    "value": 2
  },
  {
    "name": "《长江7号》电影中，7仔为了保护周小狄，决定将其带去外星球。",
    "value": 2
  },
  {
    "name": "《长江7号》电影中，周星驰饰演的角色最后成为了一位英雄。",
    "value": 2
  },
  {
    "name": "《长江7号》电影中，周小狄因为家庭环境的原国，在贵族学校与其他同学格格不入。",
    "value": 1
  },
  {
    "name": "《长江7号》电影中，袁老师非常关心周小狄。",
    "value": 1
  },
  {
    "name": "周星驰担任《长江7号》的出品人、监制、编剧、导演及主演。",
    "value": 1
  },
  {
    "name": "《长江7号》电影中，7仔修好了周小狄家的电风扇。",
    "value": 1
  },
  {
    "name": "《长江7号》电影中，7仔柔韧性很好。",
    "value": 1
  },
  {
    "name": "《长江7号》电影中，周小狄家中很干净，没有蟑螂。",
    "value": 2
  },
  {
    "name": "《长江7号》电影中，周小狄的成绩非常好。",
    "value": 2
  },
  {
    "name": "电影《食神》于1996年12月21日上映。",
    "value": 1
  },
  {
    "name": "《食神》电影中，皇帝炒饭得到了食神周星驰的肯定，拿到满分。",
    "value": 2
  },
  {
    "name": "《食神》电影中，莱品[禾花雀]因为厨师太丑得了零分。",
    "value": 1
  },
  {
    "name": "《食神》电影中，唐牛背叛了食神史提芬周。",
    "value": 1
  },
  {
    "name": "《食神》电影中，史提芬周的餐馆里用了坏掉的牛肉。",
    "value": 1
  },
  {
    "name": "《食神》电影中，唐牛成为了新食神。",
    "value": 1
  },
  {
    "name": "《食神》电影中，火鸡做出了最好吃的撒尿牛丸。",
    "value": 2
  },
  {
    "name": "《食神》电影中，撒尿牛丸的第一位顾客是厌食症患者。",
    "value": 1
  },
  {
    "name": "《食神》电影中，撒尿牛丸被用来打乒乓球。",
    "value": 1
  },
  {
    "name": "《食神》电影中，周星驰饰演的食神史提芬周靠撒尿牛丸翻身。",
    "value": 1
  },
  {
    "name": "《食神》电影中，火鸡姐因为保护食神旗被毁容。",
    "value": 1
  },
  {
    "name": "《食神》电影中，火鸡姐是食神史提芬周的粉丝。",
    "value": 1
  },
  {
    "name": "《食神》电影中，火鸡姐为食神史提芬周档了一刀。",
    "value": 1
  },
  {
    "name": "《食神》电影中，食神史提芬周成为了少林弟子。",
    "value": 1
  },
  {
    "name": "《食神》电影中，火鸡姐曾给史提芬周做了一碗叉烧饭。",
    "value": 1
  },
  {
    "name": "《食神》电影中，撒尿牛丸的第一位顾客是唐牛。",
    "value": 2
  },
  {
    "name": "《食神》电影中，史提芬周与唐牛PK做佛跳墙。",
    "value": 1
  },
  {
    "name": "《食神》电影中，唐牛去的中国厨艺训练学院，其实是少林寺厨房。",
    "value": 1
  },
  {
    "name": "《食神》电影中，唐牛比赛做的佛跳墙用了七七四十九小时。",
    "value": 2
  },
  {
    "name": "《食神》电影中，火鸡姐救了周星驰饰演的食神史提芬周。",
    "value": 1
  },
  {
    "name": "《食神》电影中，参加食神比赛的人都拿了满分。",
    "value": 2
  },
  {
    "name": "《食神》电影中，周星驰饰演的食神给所有参赛者都打了满分。",
    "value": 2
  },
  {
    "name": "《食神》电影中，史提芬周参加食神比赛迟到了。",
    "value": 2
  },
  {
    "name": "《食神》电影中，史提芬周与唐牛PK做皇帝炒饭。",
    "value": 2
  },
  {
    "name": "《食神》电影中，食神比赛当晚出现了九星连珠。",
    "value": 1
  },
  {
    "name": "《食神》电影中，火鸡姐非常喜欢史提芬周。",
    "value": 1
  },
  {
    "name": "《食神》电影中，食神史提芬周被徒弟唐牛当众击败。",
    "value": 1
  },
  {
    "name": "《食神》电影中，史提芬周一直都是食神。",
    "value": 2
  },
  {
    "name": "《食神》电影中，史提芬周做出的撒尿牛丸很有弹性。",
    "value": 1
  },
  {
    "name": "《食神》电影中，火鸡姐曾在中国厨艺技术学院学习。",
    "value": 2
  },
  {
    "name": "《食神》电影中，史提芬周的徒弟唐牛喜欢火鸡姐。",
    "value": 2
  },
  {
    "name": "《食神》电影中，史提芬周误入了少林寺。",
    "value": 1
  },
  {
    "name": "《食神》电影中，史提芬周非常有商业头脑。",
    "value": 1
  },
  {
    "name": "《食神》电影中，史提芬周靠撒尿牛丸重新成为食神。",
    "value": 1
  },
  {
    "name": "《食神》电影中，火鸡姐最终去了少林寺。",
    "value": 2
  },
  {
    "name": "《食神》电影中，唐牛曾经是少林寺学徒。",
    "value": 1
  },
  {
    "name": "《食神》电影中，唐牛的拿手菜是撒尿牛丸。",
    "value": 2
  },
  {
    "name": "《食神》电影中，史提芬周是全港知名的食神，在饮食界首屈一指。",
    "value": 1
  },
  {
    "name": "《食神》电影中，使用隔夜米饭来炒米饭是最基本的常识。",
    "value": 1
  },
  {
    "name": "《食神》电影中，史提芬制作甜品[彩虹鲜花拔丝]是麦芽糖、鲜花瓣制作的。",
    "value": 1
  },
  {
    "name": "《食神》电影中，火鸡姐卖给史蒂芬是一碗叉烧饭。",
    "value": 2
  },
  {
    "name": "《食神》电影中，在《香港至尊名厨大赛》中史提芬将四大名厨的菜通通打成0分。",
    "value": 1
  },
  {
    "name": "《食神》电影中，卖出第一碗[撒尿牛丸]的价格是1元。",
    "value": 2
  },
  {
    "name": "《食神》电影中，史蒂芬凭撒尿牛丸入围香港饮食奇才。",
    "value": 1
  },
  {
    "name": "《食神》电影中，火鸡姐摊位下贴满了史蒂芬的照片。",
    "value": 1
  },
  {
    "name": "《食神》电影中，”好折凳”被誉为七种武器之首。",
    "value": 1
  },
  {
    "name": "《食神》电影中，食神制作的叉烧饭，起名是[黯然销魂饭]。",
    "value": 1
  },
  {
    "name": "《食神》电影中，史蒂芬去少林寺的厨房学习仅用了2个月。",
    "value": 2
  },
  {
    "name": "《食神》电影中，《香港至尊名厨大赛》比赛地点在少林寺。",
    "value": 2
  },
  {
    "name": "《食神》电影中，最终史提芬周靠咸鱼料理赢得了比赛。",
    "value": 2
  },
  {
    "name": "《食神》电影中，方丈讨厌别人在背后说他坏话。",
    "value": 1
  },
  {
    "name": "《食神》电影中，史提芬周最后在少林寺做和尚，法号星星。",
    "value": 2
  },
  {
    "name": "《食神》电影中，只要用心，人人都可以是食神。",
    "value": 1
  },
  {
    "name": "《食神》电影中，「黯然销魂饭」吃了会流泪，是因为放了洋葱",
    "value": 1
  },
  {
    "name": "《食神》电影中，少林寺方丈，法号为梦遗。",
    "value": 1
  },
  {
    "name": "《食神》电影中，史提芬周加入了少林寺十八铜人。",
    "value": 2
  },
  {
    "name": "《食神》电影中，火鸡姐最终和方丈在一起了。",
    "value": 2
  },
  {
    "name": "《食神》电影中，史提芬周在做莱时，使出「屠龙斩」",
    "value": 1
  },
  {
    "name": "《食神》电影中，火鸡姐最终变得很漂亮。",
    "value": 1
  },
  {
    "name": "《食神》电影中，火鸡姐绰号「双刀火鸡」。",
    "value": 1
  }
]